adapter,n_fits,success_rate,aborted_rate,elapsed_median,elapsed_mean,elapsed_std,elapsed_iqr,speed_ratio_median,chi2_ratio_median,chi2_ratio_mean,chi2_ratio_std,r2_median,r2_mean,r2_std,p_max_diff_median,p_max_diff_p95,amp_diff_median
lmfit-trf,50,1.0,0.0,0.032330820336937904,0.059979690928012135,0.05481489162860478,0.053112256806343794,0.43866942749561555,0.9999999998925098,1.0109320260900256,0.023569997808864488,0.996031897001516,0.9549360509461781,0.06895180547080451,8.997302018087794e-05,0.16787505749375242,0.0001312731900543668
lmfit-baseline-leastsq,50,1.0,0.0,0.042182374745607376,0.09571852330118417,0.09142248850128624,0.14430930581875145,0.8674536896663397,1.000000000016031,1.9190258914980733,3.4758615300585087,0.9960318970368265,0.9233354760193104,0.13691789022545606,0.00010170734276471194,1.1463161421275119,1.2156078550239653e-05
