adapter,n_fits,success_rate,aborted_rate,elapsed_median,elapsed_mean,elapsed_std,elapsed_iqr,speed_ratio_median,chi2_ratio_median,chi2_ratio_mean,chi2_ratio_std,r2_median,r2_mean,r2_std,p_max_diff_median,p_max_diff_p95,amp_diff_median
lmfit-baseline-leastsq,50,1.0,0.0,0.032285711262375116,0.10566229479387403,0.10171968665737967,0.1735636016819626,0.8894988872608742,1.0000000000373204,3.0115662668546115,7.6091640827101,0.9960318970367269,0.8853163858152309,0.2710403329320648,5.380843521152201e-05,1.0020463857578996,3.24370458294087e-05
lmfit-trf,50,1.0,0.0,0.03528387472033501,0.06177717860788107,0.056838114061912325,0.04607937135733664,0.4477225303048427,0.9999999926175089,1.0060732878515604,0.018405091267240242,0.9960318970418922,0.9551051291670538,0.06897463117901967,8.921634076841656e-05,0.16777118819979364,0.00012321534090100705
