adapter,n_fits,success_rate,aborted_rate,elapsed_median,elapsed_mean,elapsed_std,elapsed_iqr,speed_ratio_median,chi2_ratio_median,chi2_ratio_mean,chi2_ratio_std,r2_median,r2_mean,r2_std,p_max_diff_median,p_max_diff_p95,amp_diff_median
lmfit-trf,50,1.0,0.0,0.03847799310460687,0.05896438095718622,0.05022168976593178,0.04340356425382197,0.4217954812016373,0.9999999883412711,1.0012145501152816,0.008589048112499371,0.9960318970446136,0.9552742073694287,0.06899702655389582,9.05890717604052e-05,0.029877436506490083,2.012350267797262e-05
lmfit-baseline-leastsq,50,1.0,0.0,0.12125461362302303,0.1644263710640371,0.3442738752073268,0.16001163329929113,0.9377695046593972,1.0000000000270726,2.242694412034809,6.149049493953532,0.9960318970373637,0.9120721998997168,0.22288164458376375,3.902048891291088e-05,0.9259713453177226,1.6627969111155496e-05
