Filename,left peak 0,right peak 0,left peak 1,right peak 1,left Sigma D,right Sigma D,left Sigma S,right Sigma S,left Sigma C,right Sigma C,left gamma,right gamma,left Z line,right Z line,left Sigma Z,right Sigma Z,left Iz,right Iz,left gamma Z,right gamma Z,Model,CenterX,S10,d10,left I11/I10,right I11/I10,Avarage I11/I10 per fiber,Fitting error,comment
2014.tif,90.6879330368554,90.6879330368554,157.07610765323767,157.07610765323767,5.75208964901225,5.51095721848098,3.5358607981641867,3.70545304821875,1.0,1.0,,,,,,,,,,,Gaussian,560.2198589377795,90.6879330368554,-,0.6577595258684967,0.697720143131531,0.6777398345000138,0.0209317714645171,
2013.tif,120.81185071354908,120.81185071354908,209.2522635922933,209.2522635922933,7.296713588634958,5.511947525028459,-3.335716041164005e-05,3.7055610986920904,1.0,1.0,,,,,,,,,,,Gaussian,933.5209196981807,120.81185071354908,-,0.29829970121573685,0.33357841315181896,0.3159390571837779,0.008248609786996264,
